{"average_nll": 0.15532351467609407, "accuracy": 95.8299994468689, "ece": 0.021049607545137405}